N,algorithm,time_sec
10,smart,0.019709799999999777
50,smart,0.018454699999999935
100,smart,0.018803199999999798
200,smart,0.01865049999999968
500,smart,0.019330200000000186
1000,smart,0.019485299999999928
2000,smart,0.021436800000000034
5000,smart,0.022546299999999686
10000,smart,0.02626039999999996
100000,smart,0.08967470000000022
500000,smart,0.35597869999999965
1000000,smart,0.6808341000000002
2000000,smart,1.3241921999999997
5000000,smart,3.2936955999999995
10000000,smart,7.267466500000001
